"employeeId","image1","image2","image3"
employee-emerald-e13100,https://cdn.analytics.thefusionapps.com/v1/emerald/employee-emerald-e13100-0.jpg,https://cdn.analytics.thefusionapps.com/v1/emerald/employee-emerald-e13100-1.jpg,https://cdn.analytics.thefusionapps.com/v1/emerald/employee-emerald-e13100-2.jpg
employee-emerald-e18309,https://cdn.analytics.thefusionapps.com/v1/emerald/employee-emerald-e18309-0.jpg,https://cdn.analytics.thefusionapps.com/v1/emerald/employee-emerald-e18309-1.jpg,https://cdn.analytics.thefusionapps.com/v1/emerald/employee-emerald-e18309-2.jpg
employee-emerald-e19283,https://cdn.analytics.thefusionapps.com/v1/emerald/employee-emerald-e19283-0.jpg,https://cdn.analytics.thefusionapps.com/v1/emerald/employee-emerald-e19283-1.jpg,https://cdn.analytics.thefusionapps.com/v1/emerald/employee-emerald-e19283-2.jpg
employee-emerald-e18451,https://cdn.analytics.thefusionapps.com/v1/emerald/employee-emerald-e18451-0.jpg,https://cdn.analytics.thefusionapps.com/v1/emerald/employee-emerald-e18451-1.jpg,https://cdn.analytics.thefusionapps.com/v1/emerald/employee-emerald-e18451-2.jpg
employee-emerald-e13186,https://cdn.analytics.thefusionapps.com/v1/emerald/employee-emerald-e13186-0.jpg,https://cdn.analytics.thefusionapps.com/v1/emerald/employee-emerald-e13186-1.jpg,https://cdn.analytics.thefusionapps.com/v1/emerald/employee-emerald-e13186-2.jpg
employee-emerald-e21506,https://cdn.analytics.thefusionapps.com/v1/emerald/employee-emerald-e21506-0.jpg,https://cdn.analytics.thefusionapps.com/v1/emerald/employee-emerald-e21506-1.jpg,https://cdn.analytics.thefusionapps.com/v1/emerald/employee-emerald-e21506-2.jpg
employee-emerald-e17341,https://cdn.analytics.thefusionapps.com/v1/emerald/employee-emerald-e17341-0.jpg,https://cdn.analytics.thefusionapps.com/v1/emerald/employee-emerald-e17341-1.jpg,https://cdn.analytics.thefusionapps.com/v1/emerald/employee-emerald-e17341-2.jpg
employee-emerald-e15298,https://cdn.analytics.thefusionapps.com/v1/emerald/employee-emerald-e15298-0.jpg,https://cdn.analytics.thefusionapps.com/v1/emerald/employee-emerald-e15298-1.jpg,https://cdn.analytics.thefusionapps.com/v1/emerald/employee-emerald-e15298-2.jpg
employee-emerald-e18785,https://cdn.analytics.thefusionapps.com/v1/emerald/employee-emerald-e18785-0.jpg,https://cdn.analytics.thefusionapps.com/v1/emerald/employee-emerald-e18785-1.jpg,https://cdn.analytics.thefusionapps.com/v1/emerald/employee-emerald-e18785-2.jpg
employee-emerald-e21723,https://cdn.analytics.thefusionapps.com/v1/emerald/employee-emerald-e21723-0.jpg,https://cdn.analytics.thefusionapps.com/v1/emerald/employee-emerald-e21723-1.jpg,https://cdn.analytics.thefusionapps.com/v1/emerald/employee-emerald-e21723-2.jpg
employee-emerald-e22671,https://cdn.analytics.thefusionapps.com/v1/emerald/employee-emerald-e22671-0.jpg,https://cdn.analytics.thefusionapps.com/v1/emerald/employee-emerald-e22671-1.jpg,https://cdn.analytics.thefusionapps.com/v1/emerald/employee-emerald-e22671-2.jpg
employee-emerald-e23225,https://cdn.analytics.thefusionapps.com/v1/emerald/employee-emerald-e23225-0.jpg,https://cdn.analytics.thefusionapps.com/v1/emerald/employee-emerald-e23225-1.jpg,https://cdn.analytics.thefusionapps.com/v1/emerald/employee-emerald-e23225-2.jpg
employee-emerald-e15936,https://cdn.analytics.thefusionapps.com/v1/emerald/employee-emerald-e15936-0.jpg,https://cdn.analytics.thefusionapps.com/v1/emerald/employee-emerald-e15936-1.jpg,https://cdn.analytics.thefusionapps.com/v1/emerald/employee-emerald-e15936-2.jpg
employee-emerald-e17610,https://cdn.analytics.thefusionapps.com/v1/emerald/employee-emerald-e17610-0.jpg,https://cdn.analytics.thefusionapps.com/v1/emerald/employee-emerald-e17610-1.jpg,https://cdn.analytics.thefusionapps.com/v1/emerald/employee-emerald-e17610-2.jpg
employee-emerald-e22286,https://cdn.analytics.thefusionapps.com/v1/emerald/employee-emerald-e22286-0.jpg,https://cdn.analytics.thefusionapps.com/v1/emerald/employee-emerald-e22286-1.jpg,https://cdn.analytics.thefusionapps.com/v1/emerald/employee-emerald-e22286-2.jpg
employee-emerald-e18205,https://cdn.analytics.thefusionapps.com/v1/emerald/employee-emerald-e18205-0.jpg,https://cdn.analytics.thefusionapps.com/v1/emerald/employee-emerald-e18205-1.jpg,https://cdn.analytics.thefusionapps.com/v1/emerald/employee-emerald-e18205-2.jpg
employee-emerald-e23298,https://cdn.analytics.thefusionapps.com/v1/emerald/employee-emerald-e23298-0.jpg,https://cdn.analytics.thefusionapps.com/v1/emerald/employee-emerald-e23298-1.jpg,https://cdn.analytics.thefusionapps.com/v1/emerald/employee-emerald-e23298-2.jpg
employee-emerald-e21408,https://cdn.analytics.thefusionapps.com/v1/emerald/employee-emerald-e21408-0.jpg,https://cdn.analytics.thefusionapps.com/v1/emerald/employee-emerald-e21408-1.jpg,https://cdn.analytics.thefusionapps.com/v1/emerald/employee-emerald-e21408-2.jpg
employee-emerald-e23299,https://cdn.analytics.thefusionapps.com/v1/emerald/employee-emerald-e23299-0.jpg,https://cdn.analytics.thefusionapps.com/v1/emerald/employee-emerald-e23299-1.jpg,https://cdn.analytics.thefusionapps.com/v1/emerald/employee-emerald-e23299-2.jpg
employee-emerald-e08556,https://cdn.analytics.thefusionapps.com/v1/emerald/employee-emerald-e08556-0.jpg,https://cdn.analytics.thefusionapps.com/v1/emerald/employee-emerald-e08556-1.jpg,https://cdn.analytics.thefusionapps.com/v1/emerald/employee-emerald-e08556-2.jpg
employee-emerald-e14405,https://cdn.analytics.thefusionapps.com/v1/emerald/employee-emerald-e14405-0.jpg,https://cdn.analytics.thefusionapps.com/v1/emerald/employee-emerald-e14405-1.jpg,https://cdn.analytics.thefusionapps.com/v1/emerald/employee-emerald-e14405-2.jpg
employee-emerald-e23594,https://cdn.analytics.thefusionapps.com/v1/emerald/employee-emerald-e23594-0.jpg,https://cdn.analytics.thefusionapps.com/v1/emerald/employee-emerald-e23594-1.jpg,https://cdn.analytics.thefusionapps.com/v1/emerald/employee-emerald-e23594-2.jpg
employee-emerald-e20454,https://cdn.analytics.thefusionapps.com/v1/emerald/employee-emerald-e20454-0.jpg,https://cdn.analytics.thefusionapps.com/v1/emerald/employee-emerald-e20454-1.jpg,https://cdn.analytics.thefusionapps.com/v1/emerald/employee-emerald-e20454-2.jpg
employee-emerald-e05870,https://cdn.analytics.thefusionapps.com/v1/emerald/employee-emerald-e05870-0.jpg,https://cdn.analytics.thefusionapps.com/v1/emerald/employee-emerald-e05870-1.jpg,https://cdn.analytics.thefusionapps.com/v1/emerald/employee-emerald-e05870-2.jpg
employee-emerald-e17357,https://cdn.analytics.thefusionapps.com/v1/emerald/employee-emerald-e17357-0.jpg,https://cdn.analytics.thefusionapps.com/v1/emerald/employee-emerald-e17357-1.jpg,https://cdn.analytics.thefusionapps.com/v1/emerald/employee-emerald-e17357-2.jpg
employee-emerald-e14574,https://cdn.analytics.thefusionapps.com/v1/emerald/employee-emerald-e14574-0.jpg,https://cdn.analytics.thefusionapps.com/v1/emerald/employee-emerald-e14574-1.jpg,https://cdn.analytics.thefusionapps.com/v1/emerald/employee-emerald-e14574-2.jpg
employee-emerald-e20305,https://cdn.analytics.thefusionapps.com/v1/emerald/employee-emerald-e20305-0.jpg,https://cdn.analytics.thefusionapps.com/v1/emerald/employee-emerald-e20305-1.jpg,https://cdn.analytics.thefusionapps.com/v1/emerald/employee-emerald-e20305-2.jpg
employee-emerald-e10234,https://cdn.analytics.thefusionapps.com/v1/emerald/employee-emerald-e10234-0.jpg,https://cdn.analytics.thefusionapps.com/v1/emerald/employee-emerald-e10234-1.jpg,https://cdn.analytics.thefusionapps.com/v1/emerald/employee-emerald-e10234-2.jpg
employee-emerald-e07699,https://cdn.analytics.thefusionapps.com/v1/emerald/employee-emerald-e07699-0.jpg,https://cdn.analytics.thefusionapps.com/v1/emerald/employee-emerald-e07699-1.jpg,https://cdn.analytics.thefusionapps.com/v1/emerald/employee-emerald-e07699-2.jpg
employee-emerald-e08420,https://cdn.analytics.thefusionapps.com/v1/emerald/employee-emerald-e08420-0.jpg,https://cdn.analytics.thefusionapps.com/v1/emerald/employee-emerald-e08420-1.jpg,https://cdn.analytics.thefusionapps.com/v1/emerald/employee-emerald-e08420-2.jpg
employee-emerald-e05217,https://cdn.analytics.thefusionapps.com/v1/emerald/employee-emerald-e05217-0.jpg,https://cdn.analytics.thefusionapps.com/v1/emerald/employee-emerald-e05217-1.jpg,https://cdn.analytics.thefusionapps.com/v1/emerald/employee-emerald-e05217-2.jpg
employee-emerald-e08136,https://cdn.analytics.thefusionapps.com/v1/emerald/employee-emerald-e08136-0.jpg,https://cdn.analytics.thefusionapps.com/v1/emerald/employee-emerald-e08136-1.jpg,https://cdn.analytics.thefusionapps.com/v1/emerald/employee-emerald-e08136-2.jpg
employee-emerald-e06035,https://cdn.analytics.thefusionapps.com/v1/emerald/employee-emerald-e06035-0.jpg,https://cdn.analytics.thefusionapps.com/v1/emerald/employee-emerald-e06035-1.jpg,https://cdn.analytics.thefusionapps.com/v1/emerald/employee-emerald-e06035-2.jpg
employee-emerald-e04482,https://cdn.analytics.thefusionapps.com/v1/emerald/employee-emerald-e04482-0.jpg,https://cdn.analytics.thefusionapps.com/v1/emerald/employee-emerald-e04482-1.jpg,https://cdn.analytics.thefusionapps.com/v1/emerald/employee-emerald-e04482-2.jpg
employee-emerald-e20168,https://cdn.analytics.thefusionapps.com/v1/emerald/employee-emerald-e20168-0.jpg,https://cdn.analytics.thefusionapps.com/v1/emerald/employee-emerald-e20168-1.jpg,https://cdn.analytics.thefusionapps.com/v1/emerald/employee-emerald-e20168-2.jpg
employee-emerald-e22035,https://cdn.analytics.thefusionapps.com/v1/emerald/employee-emerald-e22035-0.jpg,https://cdn.analytics.thefusionapps.com/v1/emerald/employee-emerald-e22035-1.jpg,https://cdn.analytics.thefusionapps.com/v1/emerald/employee-emerald-e22035-2.jpg
employee-emerald-e19718,https://cdn.analytics.thefusionapps.com/v1/emerald/employee-emerald-e19718-0.jpg,https://cdn.analytics.thefusionapps.com/v1/emerald/employee-emerald-e19718-1.jpg,https://cdn.analytics.thefusionapps.com/v1/emerald/employee-emerald-e19718-2.jpg
employee-emerald-e03987,https://cdn.analytics.thefusionapps.com/v1/emerald/employee-emerald-e03987-0.jpg,https://cdn.analytics.thefusionapps.com/v1/emerald/employee-emerald-e03987-1.jpg,https://cdn.analytics.thefusionapps.com/v1/emerald/employee-emerald-e03987-2.jpg
employee-emerald-e17963,https://cdn.analytics.thefusionapps.com/v1/emerald/employee-emerald-e17963-0.jpg,https://cdn.analytics.thefusionapps.com/v1/emerald/employee-emerald-e17963-1.jpg,https://cdn.analytics.thefusionapps.com/v1/emerald/employee-emerald-e17963-2.jpg
employee-emerald-e21430,https://cdn.analytics.thefusionapps.com/v1/emerald/employee-emerald-e21430-0.jpg,https://cdn.analytics.thefusionapps.com/v1/emerald/employee-emerald-e21430-1.jpg,https://cdn.analytics.thefusionapps.com/v1/emerald/employee-emerald-e21430-2.jpg
employee-emerald-e17573,https://cdn.analytics.thefusionapps.com/v1/emerald/employee-emerald-e17573-0.jpg,https://cdn.analytics.thefusionapps.com/v1/emerald/employee-emerald-e17573-1.jpg,https://cdn.analytics.thefusionapps.com/v1/emerald/employee-emerald-e17573-2.jpg
employee-emerald-e15101,https://cdn.analytics.thefusionapps.com/v1/emerald/employee-emerald-e15101-0.jpg,https://cdn.analytics.thefusionapps.com/v1/emerald/employee-emerald-e15101-1.jpg,https://cdn.analytics.thefusionapps.com/v1/emerald/employee-emerald-e15101-2.jpg
employee-emerald-e21402,https://cdn.analytics.thefusionapps.com/v1/emerald/employee-emerald-e21402-0.jpg,https://cdn.analytics.thefusionapps.com/v1/emerald/employee-emerald-e21402-1.jpg,https://cdn.analytics.thefusionapps.com/v1/emerald/employee-emerald-e21402-2.jpg
employee-emerald-e21994,https://cdn.analytics.thefusionapps.com/v1/emerald/employee-emerald-e21994-0.jpg,https://cdn.analytics.thefusionapps.com/v1/emerald/employee-emerald-e21994-1.jpg,https://cdn.analytics.thefusionapps.com/v1/emerald/employee-emerald-e21994-2.jpg
employee-emerald-e07257,https://cdn.analytics.thefusionapps.com/v1/emerald/employee-emerald-e07257-0.jpg,https://cdn.analytics.thefusionapps.com/v1/emerald/employee-emerald-e07257-1.jpg,https://cdn.analytics.thefusionapps.com/v1/emerald/employee-emerald-e07257-2.jpg
employee-emerald-e19719,https://cdn.analytics.thefusionapps.com/v1/emerald/employee-emerald-e19719-0.jpg,https://cdn.analytics.thefusionapps.com/v1/emerald/employee-emerald-e19719-1.jpg,https://cdn.analytics.thefusionapps.com/v1/emerald/employee-emerald-e19719-2.jpg
employee-emerald-e20693,https://cdn.analytics.thefusionapps.com/v1/emerald/employee-emerald-e20693-0.jpg,https://cdn.analytics.thefusionapps.com/v1/emerald/employee-emerald-e20693-1.jpg,https://cdn.analytics.thefusionapps.com/v1/emerald/employee-emerald-e20693-2.jpg
employee-emerald-e00648,https://cdn.analytics.thefusionapps.com/v1/emerald/employee-emerald-e00648-0.jpg,https://cdn.analytics.thefusionapps.com/v1/emerald/employee-emerald-e00648-1.jpg,https://cdn.analytics.thefusionapps.com/v1/emerald/employee-emerald-e00648-2.jpg
employee-emerald-e03798,https://cdn.analytics.thefusionapps.com/v1/emerald/employee-emerald-e03798-0.jpg,https://cdn.analytics.thefusionapps.com/v1/emerald/employee-emerald-e03798-1.jpg,https://cdn.analytics.thefusionapps.com/v1/emerald/employee-emerald-e03798-2.jpg
employee-emerald-e13135,https://cdn.analytics.thefusionapps.com/v1/emerald/employee-emerald-e13135-0.jpg,https://cdn.analytics.thefusionapps.com/v1/emerald/employee-emerald-e13135-1.jpg,https://cdn.analytics.thefusionapps.com/v1/emerald/employee-emerald-e13135-2.jpg
employee-emerald-e13435,https://cdn.analytics.thefusionapps.com/v1/emerald/employee-emerald-e13435-0.jpg,https://cdn.analytics.thefusionapps.com/v1/emerald/employee-emerald-e13435-1.jpg,https://cdn.analytics.thefusionapps.com/v1/emerald/employee-emerald-e13435-2.jpg
employee-emerald-e18508,https://cdn.analytics.thefusionapps.com/v1/emerald/employee-emerald-e18508-0.jpg,https://cdn.analytics.thefusionapps.com/v1/emerald/employee-emerald-e18508-1.jpg,https://cdn.analytics.thefusionapps.com/v1/emerald/employee-emerald-e18508-2.jpg
employee-emerald-e13436,https://cdn.analytics.thefusionapps.com/v1/emerald/employee-emerald-e13436-0.jpg,https://cdn.analytics.thefusionapps.com/v1/emerald/employee-emerald-e13436-1.jpg,https://cdn.analytics.thefusionapps.com/v1/emerald/employee-emerald-e13436-2.jpg
employee-emerald-e08031,https://cdn.analytics.thefusionapps.com/v1/emerald/employee-emerald-e08031-0.jpg,https://cdn.analytics.thefusionapps.com/v1/emerald/employee-emerald-e08031-1.jpg,https://cdn.analytics.thefusionapps.com/v1/emerald/employee-emerald-e08031-2.jpg
employee-emerald-e01008,https://cdn.analytics.thefusionapps.com/v1/emerald/employee-emerald-e01008-0.jpg,https://cdn.analytics.thefusionapps.com/v1/emerald/employee-emerald-e01008-1.jpg,https://cdn.analytics.thefusionapps.com/v1/emerald/employee-emerald-e01008-2.jpg
employee-emerald-e05280,https://cdn.analytics.thefusionapps.com/v1/emerald/employee-emerald-e05280-0.jpg,https://cdn.analytics.thefusionapps.com/v1/emerald/employee-emerald-e05280-1.jpg,https://cdn.analytics.thefusionapps.com/v1/emerald/employee-emerald-e05280-2.jpg
employee-emerald-e02693,https://cdn.analytics.thefusionapps.com/v1/emerald/employee-emerald-e02693-0.jpg,https://cdn.analytics.thefusionapps.com/v1/emerald/employee-emerald-e02693-1.jpg,https://cdn.analytics.thefusionapps.com/v1/emerald/employee-emerald-e02693-2.jpg
employee-emerald-e00643,https://cdn.analytics.thefusionapps.com/v1/emerald/employee-emerald-e00643-0.jpg,https://cdn.analytics.thefusionapps.com/v1/emerald/employee-emerald-e00643-1.jpg,https://cdn.analytics.thefusionapps.com/v1/emerald/employee-emerald-e00643-2.jpg
employee-emerald-e12794,https://cdn.analytics.thefusionapps.com/v1/emerald/employee-emerald-e12794-0.jpg,https://cdn.analytics.thefusionapps.com/v1/emerald/employee-emerald-e12794-1.jpg,https://cdn.analytics.thefusionapps.com/v1/emerald/employee-emerald-e12794-2.jpg
employee-emerald-e03337,https://cdn.analytics.thefusionapps.com/v1/emerald/employee-emerald-e03337-1.jpg,https://cdn.analytics.thefusionapps.com/v1/emerald/employee-emerald-e03337-0.jpg,https://cdn.analytics.thefusionapps.com/v1/emerald/employee-emerald-e03337-2.jpg
employee-emerald-e01117,https://cdn.analytics.thefusionapps.com/v1/emerald/employee-emerald-e01117-0.jpg,https://cdn.analytics.thefusionapps.com/v1/emerald/employee-emerald-e01117-1.jpg,https://cdn.analytics.thefusionapps.com/v1/emerald/employee-emerald-e01117-2.jpg
employee-emerald-e02633,https://cdn.analytics.thefusionapps.com/v1/emerald/employee-emerald-e02633-0.jpg,https://cdn.analytics.thefusionapps.com/v1/emerald/employee-emerald-e02633-1.jpg,https://cdn.analytics.thefusionapps.com/v1/emerald/employee-emerald-e02633-2.jpg
employee-emerald-e03981,https://cdn.analytics.thefusionapps.com/v1/emerald/employee-emerald-e03981-0.jpg,https://cdn.analytics.thefusionapps.com/v1/emerald/employee-emerald-e03981-1.jpg,https://cdn.analytics.thefusionapps.com/v1/emerald/employee-emerald-e03981-2.jpg
employee-emerald-e05299,https://cdn.analytics.thefusionapps.com/v1/emerald/employee-emerald-e05299-0.jpg,https://cdn.analytics.thefusionapps.com/v1/emerald/employee-emerald-e05299-1.jpg,https://cdn.analytics.thefusionapps.com/v1/emerald/employee-emerald-e05299-2.jpg
employee-emerald-e08186,https://cdn.analytics.thefusionapps.com/v1/emerald/employee-emerald-e08186-0.jpg,https://cdn.analytics.thefusionapps.com/v1/emerald/employee-emerald-e08186-1.jpg,https://cdn.analytics.thefusionapps.com/v1/emerald/employee-emerald-e08186-2.jpg
employee-emerald-e09451,https://cdn.analytics.thefusionapps.com/v1/emerald/employee-emerald-e09451-0.jpg,https://cdn.analytics.thefusionapps.com/v1/emerald/employee-emerald-e09451-1.jpg,https://cdn.analytics.thefusionapps.com/v1/emerald/employee-emerald-e09451-2.jpg
employee-emerald-e18621,https://cdn.analytics.thefusionapps.com/v1/emerald/employee-emerald-e18621-0.jpg,https://cdn.analytics.thefusionapps.com/v1/emerald/employee-emerald-e18621-1.jpg,https://cdn.analytics.thefusionapps.com/v1/emerald/employee-emerald-e18621-2.jpg
employee-emerald-e04920,https://cdn.analytics.thefusionapps.com/v1/emerald/employee-emerald-e04920-0.jpg,https://cdn.analytics.thefusionapps.com/v1/emerald/employee-emerald-e04920-1.jpg,https://cdn.analytics.thefusionapps.com/v1/emerald/employee-emerald-e04920-2.jpg
employee-emerald-e01085,https://cdn.analytics.thefusionapps.com/v1/emerald/employee-emerald-e01085-0.jpg,https://cdn.analytics.thefusionapps.com/v1/emerald/employee-emerald-e01085-1.jpg,https://cdn.analytics.thefusionapps.com/v1/emerald/employee-emerald-e01085-2.jpg
employee-emerald-e16139,https://cdn.analytics.thefusionapps.com/v1/emerald/employee-emerald-e16139-0.jpg,https://cdn.analytics.thefusionapps.com/v1/emerald/employee-emerald-e16139-1.jpg,https://cdn.analytics.thefusionapps.com/v1/emerald/employee-emerald-e16139-2.jpg
employee-emerald-e08185,https://cdn.analytics.thefusionapps.com/v1/emerald/employee-emerald-e08185-0.jpg,https://cdn.analytics.thefusionapps.com/v1/emerald/employee-emerald-e08185-1.jpg,https://cdn.analytics.thefusionapps.com/v1/emerald/employee-emerald-e08185-2.jpg
employee-emerald-e23194,https://cdn.analytics.thefusionapps.com/v1/emerald/employee-emerald-e23194-0.jpg,https://cdn.analytics.thefusionapps.com/v1/emerald/employee-emerald-e23194-1.jpg,https://cdn.analytics.thefusionapps.com/v1/emerald/employee-emerald-e23194-2.jpg
employee-emerald-e02102,https://cdn.analytics.thefusionapps.com/v1/emerald/employee-emerald-e02102-0.jpg,https://cdn.analytics.thefusionapps.com/v1/emerald/employee-emerald-e02102-1.jpg,https://cdn.analytics.thefusionapps.com/v1/emerald/employee-emerald-e02102-2.jpg
employee-emerald-e13321,https://cdn.analytics.thefusionapps.com/v1/emerald/employee-emerald-e13321-0.jpg,https://cdn.analytics.thefusionapps.com/v1/emerald/employee-emerald-e13321-1.jpg,https://cdn.analytics.thefusionapps.com/v1/emerald/employee-emerald-e13321-2.jpg
employee-emerald-e01083,https://cdn.tools.thefusionapps.com/minio3/emerald/employee-emerald-e01083-0.jpg,https://cdn.tools.thefusionapps.com/minio3/emerald/employee-emerald-e01083-1.jpg,https://cdn.tools.thefusionapps.com/minio3/emerald/employee-emerald-e01083-2.jpg
employee-emerald-e13428,https://cdn.tools.thefusionapps.com/minio3/emerald/employee-emerald-e13428-0.jpg,https://cdn.tools.thefusionapps.com/minio3/emerald/employee-emerald-e13428-1.jpg,https://cdn.tools.thefusionapps.com/minio3/emerald/employee-emerald-e13428-2.jpg
